Industry,Year,CO2_Emissions,Unit,Source
Energy,2010,1050,Million tonnes,Illustrative demo dataset
Energy,2011,1080,Million tonnes,Illustrative demo dataset
Energy,2012,1115,Million tonnes,Illustrative demo dataset
Energy,2013,1140,Million tonnes,Illustrative demo dataset
Energy,2014,1175,Million tonnes,Illustrative demo dataset
Energy,2015,1205,Million tonnes,Illustrative demo dataset
Energy,2016,1230,Million tonnes,Illustrative demo dataset
Energy,2017,1260,Million tonnes,Illustrative demo dataset
Energy,2018,1285,Million tonnes,Illustrative demo dataset
Energy,2019,1310,Million tonnes,Illustrative demo dataset
Energy,2020,1335,Million tonnes,Illustrative demo dataset
Energy,2021,1360,Million tonnes,Illustrative demo dataset
Energy,2022,1390,Million tonnes,Illustrative demo dataset
Energy,2023,1420,Million tonnes,Illustrative demo dataset
Energy,2024,1450,Million tonnes,Illustrative demo dataset
Transport,2010,610,Million tonnes,Illustrative demo dataset
Transport,2011,625,Million tonnes,Illustrative demo dataset
Transport,2012,645,Million tonnes,Illustrative demo dataset
Transport,2013,670,Million tonnes,Illustrative demo dataset
Transport,2014,695,Million tonnes,Illustrative demo dataset
Transport,2015,720,Million tonnes,Illustrative demo dataset
Transport,2016,745,Million tonnes,Illustrative demo dataset
Transport,2017,770,Million tonnes,Illustrative demo dataset
Transport,2018,795,Million tonnes,Illustrative demo dataset
Transport,2019,820,Million tonnes,Illustrative demo dataset
Transport,2020,800,Million tonnes,Illustrative demo dataset
Transport,2021,835,Million tonnes,Illustrative demo dataset
Transport,2022,870,Million tonnes,Illustrative demo dataset
Transport,2023,900,Million tonnes,Illustrative demo dataset
Transport,2024,930,Million tonnes,Illustrative demo dataset
Manufacturing,2010,690,Million tonnes,Illustrative demo dataset
Manufacturing,2011,705,Million tonnes,Illustrative demo dataset
Manufacturing,2012,725,Million tonnes,Illustrative demo dataset
Manufacturing,2013,750,Million tonnes,Illustrative demo dataset
Manufacturing,2014,775,Million tonnes,Illustrative demo dataset
Manufacturing,2015,800,Million tonnes,Illustrative demo dataset
Manufacturing,2016,825,Million tonnes,Illustrative demo dataset
Manufacturing,2017,850,Million tonnes,Illustrative demo dataset
Manufacturing,2018,875,Million tonnes,Illustrative demo dataset
Manufacturing,2019,900,Million tonnes,Illustrative demo dataset
Manufacturing,2020,880,Million tonnes,Illustrative demo dataset
Manufacturing,2021,915,Million tonnes,Illustrative demo dataset
Manufacturing,2022,950,Million tonnes,Illustrative demo dataset
Manufacturing,2023,980,Million tonnes,Illustrative demo dataset
Manufacturing,2024,1010,Million tonnes,Illustrative demo dataset
Agriculture,2010,430,Million tonnes,Illustrative demo dataset
Agriculture,2011,438,Million tonnes,Illustrative demo dataset
Agriculture,2012,446,Million tonnes,Illustrative demo dataset
Agriculture,2013,455,Million tonnes,Illustrative demo dataset
Agriculture,2014,465,Million tonnes,Illustrative demo dataset
Agriculture,2015,475,Million tonnes,Illustrative demo dataset
Agriculture,2016,485,Million tonnes,Illustrative demo dataset
Agriculture,2017,495,Million tonnes,Illustrative demo dataset
Agriculture,2018,505,Million tonnes,Illustrative demo dataset
Agriculture,2019,515,Million tonnes,Illustrative demo dataset
Agriculture,2020,520,Million tonnes,Illustrative demo dataset
Agriculture,2021,528,Million tonnes,Illustrative demo dataset
Agriculture,2022,536,Million tonnes,Illustrative demo dataset
Agriculture,2023,545,Million tonnes,Illustrative demo dataset
Agriculture,2024,553,Million tonnes,Illustrative demo dataset
Buildings,2010,280,Million tonnes,Illustrative demo dataset
Buildings,2011,288,Million tonnes,Illustrative demo dataset
Buildings,2012,296,Million tonnes,Illustrative demo dataset
Buildings,2013,305,Million tonnes,Illustrative demo dataset
Buildings,2014,315,Million tonnes,Illustrative demo dataset
Buildings,2015,325,Million tonnes,Illustrative demo dataset
Buildings,2016,335,Million tonnes,Illustrative demo dataset
Buildings,2017,345,Million tonnes,Illustrative demo dataset
Buildings,2018,355,Million tonnes,Illustrative demo dataset
Buildings,2019,365,Million tonnes,Illustrative demo dataset
Buildings,2020,360,Million tonnes,Illustrative demo dataset
Buildings,2021,372,Million tonnes,Illustrative demo dataset
Buildings,2022,384,Million tonnes,Illustrative demo dataset
Buildings,2023,396,Million tonnes,Illustrative demo dataset
Buildings,2024,408,Million tonnes,Illustrative demo dataset
Other,2010,210,Million tonnes,Illustrative demo dataset
Other,2011,214,Million tonnes,Illustrative demo dataset
Other,2012,219,Million tonnes,Illustrative demo dataset
Other,2013,224,Million tonnes,Illustrative demo dataset
Other,2014,230,Million tonnes,Illustrative demo dataset
Other,2015,236,Million tonnes,Illustrative demo dataset
Other,2016,242,Million tonnes,Illustrative demo dataset
Other,2017,248,Million tonnes,Illustrative demo dataset
Other,2018,254,Million tonnes,Illustrative demo dataset
Other,2019,260,Million tonnes,Illustrative demo dataset
Other,2020,257,Million tonnes,Illustrative demo dataset
Other,2021,264,Million tonnes,Illustrative demo dataset
Other,2022,271,Million tonnes,Illustrative demo dataset
Other,2023,278,Million tonnes,Illustrative demo dataset
Other,2024,285,Million tonnes,Illustrative demo dataset
